counter_name,code_item,magazijn,winkel,total,current_inventory,difference,count_date,location,deposit_id,rack_id,boxqty,boxunitqty,boxunittotal,remarks
VICTORIA,4040,1,0,201,0,0,26-01-2026,,1,16,2,100,200,VICTORIA D1
VICTORIA,4042,0,0,240,0,0,26-01-2026,,1,16,24,10,240,VICTORIA D1
VICTORIA,4041,0,0,310,0,0,26-01-2026,,1,16,31,10,310,VICTORIA D1
VICTORIA,4043,0,0,150,0,0,26-01-2026,,1,16,15,10,150,VICTORIA D1
VICTORIA,4050,0,0,30,0,0,26-01-2026,,1,16,3,10,30,VICTORIA D1
VICTORIA,4046,0,0,110,0,0,26-01-2026,,1,16,11,10,110,VICTORIA D1
VICTORIA,4049,0,0,70,0,0,26-01-2026,,1,16,7,10,70,VICTORIA D1
VICTORIA,4047,0,0,70,0,0,26-01-2026,,1,16,7,10,70,VICTORIA D1
VICTORIA,4048,0,0,90,0,0,26-01-2026,,1,16,9,10,90,VICTORIA D1
VICTORIA,4024,0,0,240,0,0,26-01-2026,,1,16,12,20,240,VICTORIA D1
VICTORIA,4035,0,0,40,0,0,26-01-2026,,1,16,4,10,40,VICTORIA D1
VICTORIA,4106,0,0,200,0,0,26-01-2026,,1,27,10,20,200,VICTORIA D1 ***
VICTORIA,4105,0,0,80,0,0,26-01-2026,,1,27,4,20,80,VICTORIA D1 ***
VICTORIA,4103,0,0,36,0,0,26-01-2026,,1,27,18,2,36,VICTORIA D1
VICTORIA,4112,0,0,410,0,0,26-01-2026,,1,27,41,10,410,VICTORIA D1 ***
VICTORIA,4109,0,0,40,0,0,26-01-2026,,1,27,2,20,40,VICTORIA D1 ***
VICTORIA,4116,0,0,50,0,0,26-01-2026,,1,27,5,10,50,VICTORIA D1
VICTORIA,4119,0,0,40,0,0,26-01-2026,,1,27,4,10,40,VICTORIA D1
VICTORIA,4118,0,0,24,0,0,26-01-2026,,1,27,24,1,24,VICTORIA D1 ***
VICTORIA,8021,0,0,3,0,0,26-01-2026,,1,27,3,1,3,VICTORIA D1
VICTORIA,15142,0,0,6,0,0,26-01-2026,,1,27,6,1,6,VICTORIA D1
VICTORIA,3997,0,0,13,0,0,26-01-2026,,1,27,13,1,13,VICTORIA D1
VICTORIA,4209,11,0,107,0,0,26-01-2026,,1,28,6,16,96,VICTORIA D1
VICTORIA,4212,0,0,8,0,0,26-01-2026,,1,28,1,8,8,VICTORIA D1
VICTORIA,4213,0,0,325,0,0,26-01-2026,,1,28,13,25,325,VICTORIA D1
VICTORIA,4260,13,0,13,0,0,26-01-2026,,1,28,0,1,0,VICTORIA D1 CODIGO ??? ***
VICTORIA,4211,0,0,16,0,0,26-01-2026,,1,28,2,8,16,VICTORIA D1 ***
VICTORIA,4210,0,0,50,0,0,26-01-2026,,1,28,5,10,50,VICTORIA D1
VICTORIA,4201,56,0,116,0,0,26-01-2026,,1,28,1,60,60,VICTORIA D1
VICTORIA,4207,6,0,38,0,0,26-01-2026,,1,28,2,16,32,VICTORIA D1
VICTORIA,0288,4,0,9,0,0,26-01-2026,,1,28,5,1,5,VICTORIA D1 ***
VICTORIA,0291,4,0,94,0,0,26-01-2026,,1,28,5,18,90,VICTORIA D1
VICTORIA,0289,0,0,84,0,0,26-01-2026,,1,28,7,12,84,VICTORIA D1
VICTORIA,0292,10,0,82,0,0,26-01-2026,,1,28,6,12,72,VICTORIA D1
VICTORIA,0278,4,0,4,0,0,26-01-2026,,1,28,0,1,0,VICTORIA D1
VICTORIA,0290,1,0,13,0,0,26-01-2026,,1,28,2,6,12,VICTORIA D1
VICTORIA,0293,3,0,81,0,0,26-01-2026,,1,28,13,6,78,VICTORIA D1
VICTORIA,4200,0,0,3,0,0,26-01-2026,,1,28,3,1,3,VICTORIA D1 ***
VICTORIA,0285,113,0,113,0,0,26-01-2026,,1,28,0,1,0,VICTORIA D1
VICTORIA,0284,1,0,1,0,0,26-01-2026,,1,28,0,1,0,VICTORIA D1
VICTORIA,4201,38,0,40,0,0,26-01-2026,,1,28,2,1,2,VICTORIA D1 ***
VICTORIA,0201,0,0,11,0,0,26-01-2026,,1,28,11,1,11,VICTORIA D1 ***
VICTORIA,3319,3,0,19,0,0,26-01-2026,,1,1,16,1,16,VICTORIA D1
VICTORIA,0201,0,0,0,0,0,26-01-2026,,1,1,0,0,0,VICTORIA D1 ***
VICTORIA,4001,0,0,320,0,0,23-01-2026,,1,17,32,10,320,VICTORIA D1
VICTORIA,4000,0,0,180,0,0,23-01-2026,,1,17,18,10,180,VICTORIA D1
VICTORIA,4002,0,0,170,0,0,23-01-2026,,1,17,17,10,170,VICTORIA D1
VICTORIA,4250,0,0,8,0,0,23-01-2026,,1,17,2,4,8,VICTORIA D1
VICTORIA,4017,0,0,800,0,0,23-01-2026,,1,17,8,100,800,VICTORIA D1
VICTORIA,4018,0,0,200,0,0,23-01-2026,,1,17,2,100,200,VICTORIA D1
VICTORIA,4003,0,0,5,0,0,23-01-2026,,1,17,5,1,5,VICTORIA D1
VICTORIA,4019,0,0,16,0,0,23-01-2026,,1,17,16,1,16,VICTORIA D1
VICTORIA,4005,0,0,11,0,0,23-01-2026,,1,17,11,1,11,VICTORIA D1
VICTORIA,4058,0,0,20,0,0,23-01-2026,,1,17,20,1,20,VICTORIA D1
VICTORIA,3998,0,0,5,0,0,23-01-2026,,1,17,5,1,5,VICTORIA D1
VICTORIA,4013,2,0,3,0,0,23-01-2026,,1,17,1,1,1,VICTORIA D1
VICTORIA,4037,0,0,22,0,0,23-01-2026,,1,17,22,1,22,VICTORIA D1
VICTORIA,4030,0,0,8,0,0,23-01-2026,,1,17,8,1,8,VICTORIA D1
VICTORIA,4023,0,0,500,0,0,23-01-2026,,1,20,25,20,500,VICTORIA D1
VICTORIA,4028,0,0,400,0,0,23-01-2026,,1,20,40,10,400,VICTORIA D1
VICTORIA,4009,0,0,120,0,0,23-01-2026,,1,20,12,10,120,VICTORIA D1
VICTORIA,4021,0,0,19,0,0,23-01-2026,,1,20,19,1,19,VICTORIA D1
VICTORIA,4020,0,0,55,0,0,23-01-2026,,1,20,11,5,55,VICTORIA D1
VICTORIA,4012,0,0,100,0,0,23-01-2026,,1,20,10,10,100,VICTORIA D1
VICTORIA,4011,0,0,50,0,0,23-01-2026,,1,20,5,10,50,VICTORIA D1
VICTORIA,4025,0,0,120,0,0,23-01-2026,,1,20,6,20,120,VICTORIA D1
VICTORIA,4015,0,0,100,0,0,23-01-2026,,1,20,10,10,100,VICTORIA D1
VICTORIA,4027,0,0,80,0,0,23-01-2026,,1,20,4,20,80,VICTORIA D1
VICTORIA,4026,0,0,325,0,0,23-01-2026,,1,20,65,5,325,VICTORIA D1
VICTORIA,4031,0,0,200,0,0,23-01-2026,,1,20,2,100,200,VICTORIA D1
VICTORIA,4032,0,0,130,0,0,23-01-2026,,1,20,13,10,130,VICTORIA D1
VICTORIA,4033,0,0,360,0,0,23-01-2026,,1,20,36,10,360,VICTORIA D1
VICTORIA,4034,0,0,158,0,0,23-01-2026,,1,20,79,2,158,VICTORIA D1
VICTORIA,4011,0,0,200,0,0,23-01-2026,,1,20,2,100,200,VICTORIA D1
VICTORIA,4007,0,0,4,0,0,23-01-2026,,1,20,4,1,4,VICTORIA D1 ***
VICTORIA,4007,0,0,13,0,0,23-01-2026,,1,20,13,1,13,VICTORIA D1 ***
VICTORIA,1611,22,0,22,0,0,27-01-26,,2,1,0,1,0,VICTORIA D2
VICTORIA,1612,2,0,2,0,0,27-01-26,,2,1,0,1,0,VICTORIA D2
VICTORIA,1506,1,0,1,0,0,27-01-26,,2,1,0,1,0,VICTORIA D2
VICTORIA,1511,8,0,8,0,0,27-01-26,,2,1,0,1,0,VICTORIA D2
VICTORIA,7196,4,0,4,0,0,27-01-26,,2,1,0,1,0,VICTORIA D2
VICTORIA,7195,7,0,7,0,0,27-01-26,,2,1,0,1,0,VICTORIA D2
VICTORIA,7193,8,0,8,0,0,27-01-26,,2,1,0,1,0,VICTORIA D2
VICTORIA,7144,8,0,8,0,0,27-01-26,,2,2,0,1,0,VICTORIA D2
VICTORIA,7148,6,0,6,0,0,27-01-26,,2,2,0,1,0,VICTORIA D2
VICTORIA,7168,2,0,2,0,0,27-01-26,,2,2,0,1,0,VICTORIA D2
VICTORIA,7194,12,0,12,0,0,27-01-26,,2,2,0,1,0,VICTORIA D2
VICTORIA,1507,2,0,2,0,0,27-01-26,,2,3,0,1,0,VICTORIA D2
VICTORIA,1665,2,0,2,0,0,27-01-26,,2,3,0,1,0,VICTORIA D2
VICTORIA,7151,31,0,31,0,0,27-01-26,,2,3,0,1,0,VICTORIA D2
VICTORIA,1657,1,0,1,0,0,27-01-26,,2,3,0,1,0,VICTORIA D2
VICTORIA,1664,7,0,7,0,0,27-01-26,,2,4,0,1,0,VICTORIA D2
VICTORIA,7147,6,0,6,0,0,27-01-26,,2,4,0,1,0,VICTORIA D2
VICTORIA,7184,2,0,2,0,0,27-01-26,,2,4,0,1,0,VICTORIA D2
VICTORIA,7193,22,0,22,0,0,27-01-26,,2,4,0,1,0,VICTORIA D2
VICTORIA,1985,36,0,36,0,0,27-01-26,,2,5,0,1,0,VICTORIA D2
VICTORIA,1988,22,0,22,0,0,27-01-26,,2,5,0,1,0,VICTORIA D2
VICTORIA,1987,1,0,1,0,0,27-01-26,,2,5,0,1,0,VICTORIA D2
VICTORIA,1659,7,0,7,0,0,27-01-26,,2,5,0,1,0,VICTORIA D2
VICTORIA,7191,53,0,53,0,0,27-01-26,,2,6,0,1,0,VICTORIA D2
VICTORIA,1658,3,0,3,0,0,27-01-26,,2,6,0,1,0,VICTORIA D2
VICTORIA,1666,5,0,5,0,0,27-01-26,,2,6,0,1,0,VICTORIA D2
VICTORIA,7186,,0,0,0,0,27-01-26,,2,6,0,1,0,VICTORIA D2 ***
VICTORIA,7195,11,0,11,0,0,27-01-26,,2,6,0,1,0,VICTORIA D2
VICTORIA,1657,1,0,1,0,0,27-01-26,,2,6,0,1,0,VICTORIA D2
VICTORIA,7167,44,0,44,0,0,27-01-26,,2,37,0,1,0,VICTORIA D2
VICTORIA,7153,13,0,13,0,0,27-01-26,,2,37,0,1,0,VICTORIA D2
VICTORIA,7169,1,0,1,0,0,27-01-26,,2,37,0,1,0,VICTORIA D2
VICTORIA,1664,2,0,2,0,0,27-01-26,,2,38,0,1,0,VICTORIA D2
VICTORIA,7146,10,0,10,0,0,27-01-26,,2,38,0,1,0,VICTORIA D2
VICTORIA,7152,15,0,15,0,0,27-01-26,,2,38,0,1,0,VICTORIA D2
VICTORIA,1661,2,0,2,0,0,27-01-26,,2,39,0,1,0,VICTORIA D2
VICTORIA,1657,1,0,1,0,0,27-01-26,,2,39,0,1,0,VICTORIA D2
VICTORIA,7145,9,0,9,0,0,27-01-26,,2,39,0,1,0,VICTORIA D2
VICTORIA,7141,6,0,6,0,0,27-01-26,,2,39,0,1,0,VICTORIA D2
VICTORIA,7150,45,0,45,0,0,27-01-26,,2,40,0,1,0,VICTORIA D2
VICTORIA,7149,17,0,17,0,0,27-01-26,,2,40,0,1,0,VICTORIA D2
VICTORIA,1656,8,0,8,0,0,27-01-26,,2,40,0,1,0,VICTORIA D2
VICTORIA,3314,3,0,3,0,0,27-01-26,,2,41,0,1,0,VICTORIA D2
VICTORIA,1993,6,0,6,0,0,27-01-26,,2,41,0,1,0,VICTORIA D2
VICTORIA,1992,5,0,5,0,0,27-01-26,,2,41,0,1,0,VICTORIA D2
VICTORIA,7157,12,0,12,0,0,27-01-26,,2,42,0,1,0,VICTORIA D2
VICTORIA,1991,4,0,4,0,0,27-01-26,,2,42,0,1,0,VICTORIA D2
VICTORIA,3494,32,0,32,0,0,28-01-26,,2,42,0,1,0,VICTORIA D2
VICTORIA,3492,0,0,400,0,0,28-01-26,,2,42,8,50,400,VICTORIA D2
VICTORIA,3500,0,0,0,0,0,28-01-26,,2,42,0,1,0,VICTORIA D2 ***
VICTORIA,3498,80,0,180,0,0,28-01-26,,2,42,1,100,100,VICTORIA D2
VICTORIA,3504,7,0,67,0,0,28-01-26,,2,42,60,1,60,VICTORIA D2 ***
VICTORIA,3487,47,0,147,0,0,28-01-26,,2,42,2,50,100,VICTORIA D2
VICTORIA,3505,0,0,60,0,0,28-01-26,,2,42,3,20,60,VICTORIA D2
VICTORIA,3508,0,0,60,0,0,28-01-26,,2,42,3,20,60,VICTORIA D2
VICTORIA,3493,17,0,37,0,0,28-01-26,,2,42,1,20,20,VICTORIA D2
VICTORIA,3504,0,0,20,0,0,28-01-26,,2,42,1,20,20,VICTORIA D2
VICTORIA,3502,0,0,50,0,0,28-01-26,,2,42,1,50,50,VICTORIA D2
VICTORIA,3503,43,0,43,0,0,28-01-26,,2,42,0,1,0,VICTORIA D2
VICTORIA,3506,0,0,100,0,0,28-01-26,,2,42,2,50,100,VICTORIA D2
VICTORIA,3507,0,0,50,0,0,28-01-26,,2,42,1,50,50,VICTORIA D2
VICTORIA,3501,0,0,50,0,0,28-01-26,,2,42,1,50,50,VICTORIA D2
VICTORIA,3495,47,0,47,0,0,28-01-26,,2,42,0,1,0,VICTORIA D2
VICTORIA,3496,0,0,75,0,0,28-01-26,,2,42,1,75,75,VICTORIA D2
VICTORIA,1510,2,0,2,0,0,28-01-26,,2,42,0,1,0,VICTORIA D2
VICTORIA,3487,47,0,147,0,0,28-01-26,,2,42,2,50,100,VICTORIA D2 ***
VICTORIA,3487,0,0,350,0,0,28-01-26,,2,42,7,50,350,VICTORIA D2 ***
VICTORIA,3492,12,0,12,0,0,28-01-26,,2,42,0,1,0,VICTORIA D2
VICTORIA,0511,23,0,23,0,0,28-01-26,,2,42,0,1,0,VICTORIA D2
VICTORIA,7043,95,0,95,0,0,28-01-2026,,2,25,0,1,0,VICTORIA D2
VICTORIA,7018,1,0,73,0,0,28-01-2026,,2,25,12,6,72,VICTORIA D2 ***
VICTORIA,1959,8,0,8,0,0,28-01-2026,,2,25,0,1,0,VICTORIA D2
VICTORIA,1968,7,0,7,0,0,28-01-2026,,2,25,0,1,0,VICTORIA D2
VICTORIA,1969,2,0,2,0,0,28-01-2026,,2,25,0,1,0,VICTORIA D2
VICTORIA,1970,5,0,5,0,0,28-01-2026,,2,25,0,1,0,VICTORIA D2
VICTORIA,1971,3,0,3,0,0,28-01-2026,,2,25,0,1,0,VICTORIA D2
VICTORIA,1972,3,0,3,0,0,28-01-2026,,2,25,0,1,0,VICTORIA D2
VICTORIA,7000,0,0,138,0,0,28-01-2026,,2,26,46,3,138,VICTORIA D2 ***
VICTORIA,7001,2,0,77,0,0,28-01-2026,,2,26,25,3,75,VICTORIA D2 ***
VICTORIA,7004,1,0,22,0,0,28-01-2026,,2,26,7,3,21,VICTORIA D2
VICTORIA,7063,3,0,111,0,0,28-01-2026,,2,26,9,12,108,VICTORIA D2
VICTORIA,7062,7,0,79,0,0,28-01-2026,,2,26,6,12,72,VICTORIA D2
VICTORIA,7022,1,0,19,0,0,28-01-2026,,2,26,6,3,18,VICTORIA D2
VICTORIA,7003,1,0,4,0,0,28-01-2026,,2,26,1,3,3,VICTORIA D2
VICTORIA,7023,3,0,15,0,0,29-01-2026,,2,26,3,4,12,VICTORIA D2
VICTORIA,7024,1,0,25,0,0,29-01-2026,,2,26,6,4,24,VICTORIA D2
VICTORIA,7025,0,0,16,0,0,29-01-2026,,2,26,4,4,16,VICTORIA D2
VICTORIA,7026,3,0,31,0,0,29-01-2026,,2,26,7,4,28,VICTORIA D2
VICTORIA,7027,0,0,20,0,0,29-01-2026,,2,26,5,4,20,VICTORIA D2 ***
VICTORIA,7027,0,0,40,0,0,29-01-2026,,2,26,10,4,40,VICTORIA D2 ***
VICTORIA,7028,0,0,148,0,0,29-01-2026,,2,26,37,4,148,VICTORIA D2 ***
VICTORIA,7009,7,0,7,0,0,29-01-2026,,2,26,2,12,,VICTORIA D2
VICTORIA,7007,16,0,16,0,0,29-01-2026,,2,26,0,1,0,VICTORIA D2
VICTORIA,7008,45,0,45,0,0,29-01-2026,,2,26,0,1,0,VICTORIA D2
VICTORIA,7154,40,0,40,0,0,28-01-2026,,2,28,0,1,0,VICTORIA D2
VICTORIA,7155,15,0,15,0,0,28-01-2026,,2,28,0,1,0,VICTORIA D2
VICTORIA,7156,8,0,8,0,0,28-01-2026,,2,28,0,1,0,VICTORIA D2
VICTORIA,7010,324,0,324,0,0,28-01-26,,2,29,0,1,0,VICTORIA D2
VICTORIA,7013,185,0,185,0,0,28-01-26,,2,29,0,1,0,VICTORIA D2
VICTORIA,7011,108,0,108,0,0,28-01-26,,2,29,0,1,0,VICTORIA D2
VICTORIA,7014,49,0,49,0,0,28-01-26,,2,29,0,1,0,VICTORIA D2
VICTORIA,7015,50,0,50,0,0,28-01-26,,2,29,0,1,0,VICTORIA D2
VICTORIA,7016,127,0,127,0,0,28-01-26,,2,29,0,1,0,VICTORIA D2
VICTORIA,7017,600,0,600,0,0,28-01-26,,2,29,0,1,0,VICTORIA D2
VICTORIA,7019,1032,0,1032,0,0,28-01-26,,2,29,0,1,0,VICTORIA D2
VICTORIA,7020,11,0,11,0,0,28-01-26,,2,29,0,1,0,VICTORIA D2
VICTORIA,7021,63,0,63,0,0,28-01-26,,2,29,0,1,0,VICTORIA D2
VICTORIA,7007,5,0,5,0,0,28-01-26,,2,30,0,1,0,VICTORIA D2
VICTORIA,7182,15,0,15,0,0,28-01-26,,2,30,0,1,0,VICTORIA D2
VICTORIA,7183,16,0,16,0,0,28-01-26,,2,30,0,1,0,VICTORIA D2
VICTORIA,7005,38,0,388,0,0,28-01-26,,2,30,7,50,350,VICTORIA D2
VICTORIA,7030,5,0,65,0,0,28-01-26,,2,30,2,30,60,VICTORIA D2
VICTORIA,7032,7,0,37,0,0,28-01-26,,2,30,1,30,30,VICTORIA D2
VICTORIA,7033,2,0,32,0,0,28-01-26,,2,30,1,30,30,VICTORIA D2
VICTORIA,7034,4,0,64,0,0,28-01-26,,2,30,2,30,60,VICTORIA D2
VICTORIA,7035,5,0,65,0,0,28-01-26,,2,30,2,30,60,VICTORIA D2
VICTORIA,1940,4,0,4,0,0,29-01-2026,,2,16,0,1,0,VICTORIA D2
VICTORIA,1939,4,0,4,0,0,29-01-2026,,2,16,0,1,0,VICTORIA D2
VICTORIA,1938,7,0,7,0,0,29-01-2026,,2,16,0,1,0,VICTORIA D2
VICTORIA,1937,3,0,3,0,0,29-01-2026,,2,16,0,1,0,VICTORIA D2
VICTORIA,1936,3,0,3,0,0,29-01-2026,,2,16,0,1,0,VICTORIA D2
VICTORIA,1935,23,0,23,0,0,29-01-2026,,2,16,0,1,0,VICTORIA D2
VICTORIA,1934,20,0,20,0,0,29-01-2026,,2,16,0,1,0,VICTORIA D2
VICTORIA,1933,5,0,5,0,0,29-01-2026,,2,16,0,1,0,VICTORIA D2
VICTORIA,1954,3,0,3,0,0,29-01-2026,,2,16,0,1,0,VICTORIA D2
VICTORIA,1955,16,0,16,0,0,29-01-2026,,2,16,0,1,0,VICTORIA D2
VICTORIA,1959,3,0,3,0,0,29-01-2026,,2,16,0,1,0,VICTORIA D2
VICTORIA,1995,2,0,2,0,0,29-01-2026,,2,16,0,1,0,VICTORIA D2
VICTORIA,1957,4,0,4,0,0,29-01-2026,,2,16,0,1,0,VICTORIA D2
VICTORIA,1959,1,0,1,0,0,29-01-2026,,2,16,0,1,0,VICTORIA D2
VICTORIA,1960,2,0,2,0,0,29-01-2026,,2,16,0,1,0,VICTORIA D2
VICTORIA,15144,21,0,21,0,0,30-01-2026,,3,26,0,1,0,VICTORIA D3
VICTORIA,15145,12,0,12,0,0,30-01-2026,,3,26,0,1,0,VICTORIA D3
VICTORIA,7052,2,0,2,0,0,30-01-2026,,3,26,0,1,0,VICTORIA D3
VICTORIA,7051,37,0,37,0,0,30-01-2026,,3,26,0,1,0,VICTORIA D3
VICTORIA,0615,1325,0,1325,0,0,30-01-2026,,3,21,0,1,0,VICTORIA D3
VICTORIA,0614,950,0,950,0,0,30-01-2026,,3,21,0,1,0,VICTORIA D3
VICTORIA,0613,875,0,875,0,0,30-01-2026,,3,21,0,1,0,VICTORIA D3
VICTORIA,0612,477,0,477,0,0,30-01-2026,,3,21,0,1,0,VICTORIA D3
VICTORIA,0611,1300,0,1300,0,0,30-01-2026,,3,21,0,1,0,VICTORIA D3
VICTORIA,0610,500,0,500,0,0,30-01-2026,,3,21,0,1,0,VICTORIA D3
VICTORIA,0577,220,0,220,0,0,30-01-2026,,3,31,0,1,0,VICTORIA D3
VICTORIA,0575,100,0,100,0,0,30-01-2026,,3,31,0,1,0,VICTORIA D3
VICTORIA,0576,80,0,80,0,0,30-01-2026,,3,31,0,1,0,VICTORIA D3
VICTORIA,7176,60,0,60,0,0,30-01-2026,,3,31,0,1,0,VICTORIA D3
VICTORIA,0569,160,0,160,0,0,30-01-2026,,3,31,0,1,0,VICTORIA D3
VICTORIA,0570,160,0,160,0,0,30-01-2026,,3,31,0,1,0,VICTORIA D3
VICTORIA,0571,140,0,140,0,0,30-01-2026,,3,31,0,1,0,VICTORIA D3
VICTORIA,15143,1,0,1,0,0,30-01-2026,,3,31,0,1,0,VICTORIA D3
VICTORIA,0631,0,0,15,0,0,30-01-2026,,3,27,5,3,15,VICTORIA D3
VICTORIA,0630,0,0,51,0,0,30-01-2026,,3,27,17,3,51,VICTORIA D3
VICTORIA,0628,0,0,81,0,0,30-01-2026,,3,27,9,9,81,VICTORIA D3
VICTORIA,0627,0,0,15,0,0,30-01-2026,,3,27,5,3,15,VICTORIA D3
VICTORIA,0625,0,0,105,0,0,30-01-2026,,3,27,35,3,105,VICTORIA D3
VICTORIA,0624,0,0,36,0,0,30-01-2026,,3,27,12,3,36,VICTORIA D3
VICTORIA,1153,0,0,750,0,0,30-01-2026,,3,28,15,50,750,VICTORIA D3
VICTORIA,15140,21,0,21,0,0,30-01-2026,,3,28,0,1,0,VICTORIA D3
VICTORIA,1152,0,0,2750,0,0,30-01-2026,,3,28,55,50,2750,VICTORIA D3 ***
VICTORIA,1152,0,0,600,0,0,30-01-2026,,3,28,12,50,600,VICTORIA D3 ***
VICTORIA,3332,0,0,24,0,0,30-01-2026,,3,28,3,8,24,VICTORIA D3
VICTORIA,1375,120,0,120,0,0,30-01-2026,,3,28,0,1,0,VICTORIA D3
VICTORIA,1376,96,0,96,0,0,30-01-2026,,3,28,0,1,0,VICTORIA D3
VICTORIA,1377,64,0,64,0,0,30-01-2026,,3,28,0,1,0,VICTORIA D3
VICTORIA,1378,60,0,60,0,0,30-01-2026,,3,28,0,1,0,VICTORIA D3
VICTORIA,3124,0,0,8,0,0,30-01-2026,,3,28,2,4,8,VICTORIA D3 ***
VICTORIA,3124,0,0,12,0,0,30-01-2026,,3,28,3,4,12,VICTORIA D3 ***
VICTORIA,1150,0,0,800,0,0,30-01-2026,,3,28,16,50,800,VICTORIA D3
VICTORIA,1150,0,0,1500,0,0,30-01-2026,,3,28,30,50,1500,VICTORIA D3
VICTORIA,0620,0,0,250,0,0,30-01-2026,,3,27,5,50,250,VICTORIA D3
VICTORIA,0621,0,0,160,0,0,30-01-2026,,3,27,8,20,160,VICTORIA D3
VICTORIA,7054,0,0,0,0,0,30-01-2026,,3,27,0,1,0,VICTORIA D3 ***
VICTORIA,7055,2,0,62,0,0,30-01-2026,,3,27,3,20,60,VICTORIA D3 ***
VICTORIA,0600,0,0,1500,0,0,30-01-2026,,3,27,60,25,1500,VICTORIA D3
VICTORIA,0601,0,0,0,0,0,30-01-2026,,3,27,0,1,0,VICTORIA D3 ***
VICTORIA,0602,0,0,0,0,0,30-01-2026,,3,27,0,1,0,VICTORIA D3 ***
VICTORIA,0603,0,0,0,0,0,30-01-2026,,3,27,0,1,0,VICTORIA D3 ***
VICTORIA,0604,0,0,0,0,0,30-01-2026,,3,27,0,1,0,VICTORIA D3 ***
VICTORIA,0605,0,0,0,0,0,30-01-2026,,3,27,0,1,0,VICTORIA D3 ***
VICTORIA,0646,0,0,12,0,0,30-01-2026,,3,27,4,3,12,VICTORIA D3
VICTORIA,0644,0,0,36,0,0,30-01-2026,,3,27,12,3,36,VICTORIA D3
VICTORIA,0643,0,0,0,0,0,30-01-2026,,3,27,0,3,0,VICTORIA D3
VICTORIA,0641,0,0,42,0,0,30-01-2026,,3,27,14,3,42,VICTORIA D3
VICTORIA,0639,0,0,72,0,0,30-01-2026,,3,27,24,3,72,VICTORIA D3
VICTORIA,0638,0,0,66,0,0,30-01-2026,,3,27,22,3,66,VICTORIA D3
VICTORIA,0637,0,0,102,0,0,30-01-2026,,3,27,34,3,102,VICTORIA D3
VICTORIA,0636,0,0,51,0,0,30-01-2026,,3,27,17,3,51,VICTORIA D3
VICTORIA,0635,0,0,66,0,0,30-01-2026,,3,27,22,3,66,VICTORIA D3
VICTORIA,3014,0,0,0,0,0,30-01-2026,,3,27,0,1,0,VICTORIA D3 ***
VICTORIA,3011,0,0,0,0,0,30-01-2026,,3,27,0,1,0,VICTORIA D3 ***
VICTORIA,15143,22,0,22,0,0,30-01-2026,,3,30,0,1,0,VICTORIA D3
VICTORIA,15145,17,0,17,0,0,30-01-2026,,3,30,0,1,0,VICTORIA D3
VICTORIA,15143,15,0,15,0,0,2/2/2026,,3,34,0,1,0,VICTORIA D3
VICTORIA,0703,0,0,130,0,0,2/2/2026,,3,34,13,10,130,VICTORIA D3
VICTORIA,0702,0,0,60,0,0,2/2/2026,,3,34,6,10,60,VICTORIA D3
VICTORIA,0517,46,0,46,0,0,2/2/2026,,3,34,0,1,0,VICTORIA D3
VICTORIA,0513,0,0,360,0,0,2/2/2026,,3,34,3,120,360,VICTORIA D3
VICTORIA,0505,0,0,150,0,0,2/2/2026,,3,34,3,50,150,VICTORIA D3
VICTORIA,0490,0,0,100,0,0,2/2/2026,,3,34,10,10,100,VICTORIA D3
VICTORIA,0534,0,0,450,0,0,2/2/2026,,3,33,9,50,450,VICTORIA D3 ***
VICTORIA,0490,0,0,200,0,0,2/2/2026,,3,33,2,100,200,VICTORIA D3 ***
VICTORIA,0700,0,0,300,0,0,2/2/2026,,3,33,3,100,300,VICTORIA D3 ***
VICTORIA,0535,0,0,200,0,0,2/2/2026,,3,33,2,100,200,VICTORIA D3
VICTORIA,1327,0,0,125,0,0,2/2/2026,,3,32,5,25,125,VICTORIA D3
VICTORIA,1330,0,0,160,0,0,2/2/2026,,3,32,16,10,160,VICTORIA D3
VICTORIA,1328,0,0,175,0,0,2/2/2026,,3,32,7,25,175,VICTORIA D3
VICTORIA,1329,0,0,190,0,0,2/2/2026,,3,32,19,10,190,VICTORIA D3
VICTORIA,1331,0,0,190,0,0,2/2/2026,,3,32,19,10,190,VICTORIA D3
VICTORIA,1334,218,0,218,0,0,2/2/2026,,3,32,0,1,0,VICTORIA D3
VICTORIA,1335,297,0,297,0,0,2/2/2026,,3,32,0,1,0,VICTORIA D3
VICTORIA,1314,202,0,202,0,0,2/2/2026,,3,32,0,1,0,VICTORIA D3
VICTORIA,3124,0,0,28,0,0,2/2/2026,,3,32,7,4,28,VICTORIA D3
VICTORIA,0535,0,0,600,0,0,3/2/2026,,3,29,6,100,600,VICTORIA D3
VICTORIA,0540,0,0,300,0,0,3/2/2026,,3,29,3,100,300,VICTORIA D3
VICTORIA,05421,0,0,500,0,0,3/2/2026,,3,29,10,50,500,VICTORIA D3
VICTORIA,0506,0,0,0,0,0,3/2/2026,,3,29,0,1,0,VICTORIA D3 ***
VICTORIA,0514,0,0,150,0,0,3/2/2026,,3,29,3,50,150,VICTORIA D3
VICTORIA,0483,0,0,0,0,0,3/2/2026,,3,29,0,1,0,VICTORIA D3 ***
VICTORIA,0483,0,0,0,0,0,3/2/2026,,3,29,0,1,0,VICTORIA D3 ***
VICTORIA,0482,0,0,0,0,0,3/2/2026,,3,29,0,1,0,VICTORIA D3 ***
VICTORIA,0495,0,0,0,0,0,3/2/2026,,3,29,0,1,0,VICTORIA D3 ***
VICTORIA,0580,0,0,370,0,0,2/2/2026,,3,31,37,10,370,VICTORIA D3
VICTORIA,0583,0,0,145,0,0,2/2/2026,,3,31,29,5,145,VICTORIA D3
VICTORIA,0584,0,0,90,0,0,2/2/2026,,3,31,18,5,90,VICTORIA D3 ***
VICTORIA,0584,0,0,40,0,0,2/2/2026,,3,31,4,10,40,VICTORIA D3 ***
VICTORIA,0335,0,0,1100,0,0,2/2/2026,,3,31,11,100,1100,VICTORIA D3
VICTORIA,0333,0,0,2000,0,0,2/2/2026,,3,31,20,100,2000,VICTORIA D3
VICTORIA,0331,0,0,500,0,0,2/2/2026,,3,31,5,100,500,VICTORIA D3
VICTORIA,0336,0,0,1800,0,0,2/2/2026,,3,31,18,100,1800,VICTORIA D3
VICTORIA,0334,0,0,2600,0,0,2/2/2026,,3,31,26,100,2600,VICTORIA D3
VICTORIA,0332,0,0,1100,0,0,2/2/2026,,3,31,11,100,1100,VICTORIA D3
VICTORIA,04944,12,0,12,0,0,2/2/2026,,3,32,0,1,0,VICTORIA D3
VICTORIA,0715,0,0,60,0,0,2/2/2026,,3,32,12,5,60,VICTORIA D3
VICTORIA,7189,0,0,72,0,0,2/2/2026,,3,32,9,8,72,VICTORIA D3
VICTORIA,7188,0,0,60,0,0,2/2/2026,,3,32,12,5,60,VICTORIA D3
VICTORIA,7190,0,0,36,0,0,2/2/2026,,3,32,6,6,36,VICTORIA D3
VICTORIA,0486,0,0,290,0,0,2/2/2026,,3,32,29,10,290,VICTORIA D3
VICTORIA,3332,0,0,100,0,0,2/2/2026,,3,32,5,20,100,VICTORIA D3
VICTORIA,1376,0,0,24,0,0,2/2/2026,,3,32,1,24,24,VICTORIA D3
VICTORIA,1309,90,0,90,0,0,2/2/2026,,3,32,0,1,0,VICTORIA D3
VICTORIA,1310,295,0,295,0,0,2/2/2026,,3,32,0,1,0,VICTORIA D3
VICTORIA,0533,0,0,260,0,0,3/2/2026,,3,36,26,10,260,VICTORIA D3
VICTORIA,04946,21,0,21,0,0,3/2/2026,,3,36,0,1,0,VICTORIA D3
VICTORIA,2999,7,0,7,0,0,3/2/2026,,3,36,0,1,0,VICTORIA D3
VICTORIA,3021,11,0,11,0,0,3/2/2026,,3,36,0,1,0,VICTORIA D3
VICTORIA,3023,1,0,1,0,0,3/2/2026,,3,36,0,1,0,VICTORIA D3
VICTORIA,3019,6,0,6,0,0,3/2/2026,,3,36,0,1,0,VICTORIA D3
VICTORIA,04942,75,0,75,0,0,3/2/2026,,3,36,0,1,0,VICTORIA D3
VICTORIA,04941,44,0,44,0,0,3/2/2026,,3,36,0,1,0,VICTORIA D3
VICTORIA,7170,11,0,11,0,0,3/2/2026,,3,36,0,1,0,VICTORIA D3
VICTORIA,0335,0,0,4000,0,0,3/2/2026,,3,36,40,100,4000,VICTORIA D3
VICTORIA,0500,250,0,250,0,0,3/2/2026,,3,35,0,1,0,VICTORIA D3
VICTORIA,0530,0,0,100,0,0,3/2/2026,,3,35,2,50,100,VICTORIA D3
VICTORIA,0542,0,0,400,0,0,3/2/2026,,3,35,8,50,400,VICTORIA D3
VICTORIA,0525,500,0,500,0,0,3/2/2026,,3,35,0,1,0,VICTORIA D3
VICTORIA,3248,8,0,8,0,0,3/2/2026,,3,35,0,1,0,VICTORIA D3
VICTORIA,3247,21,0,21,0,0,3/2/2026,,3,35,0,1,0,VICTORIA D3
VICTORIA,3246,20,0,20,0,0,3/2/2026,,3,35,0,1,0,VICTORIA D3
VICTORIA,0706,400,0,400,0,0,3/2/2026,,3,35,0,1,0,VICTORIA D3
VICTORIA,3250,1,0,1,0,0,3/2/2026,,3,35,0,1,0,VICTORIA D3
VICTORIA,0535,1,0,1,0,0,3/2/2026,,3,35,0,1,0,VICTORIA D3
VICTORIA,0481,0,0,200,0,0,3/2/2026,,3,13,20,10,200,VICTORIA D3
VICTORIA,0480,300,0,400,0,0,3/2/2026,,3,13,10,10,100,VICTORIA D3
VICTORIA,0484,0,0,900,0,0,3/2/2026,,3,13,90,10,900,VICTORIA D3
VICTORIA,0485,0,0,500,0,0,3/2/2026,,3,13,50,10,500,VICTORIA D3
VICTORIA,0485,0,0,400,0,0,3/2/2026,,3,17,40,10,400,VICTORIA D3
VICTORIA,0502,0,0,300,0,0,3/2/2026,,3,17,15,20,300,VICTORIA D3
VICTORIA,0501,0,0,500,0,0,3/2/2026,,3,17,25,20,500,VICTORIA D3
VICTORIA,0510,667,0,667,0,0,3/2/2026,,3,17,0,1,0,VICTORIA D3
VICTORIA,0504,0,0,120,0,0,3/2/2026,,3,17,6,20,120,VICTORIA D3
VICTORIA,0509,0,0,100,0,0,3/2/2026,,3,17,10,10,100,VICTORIA D3
VICTORIA,0521,300,0,300,0,0,3/2/2026,,3,21,0,1,0,VICTORIA D3
VICTORIA,0520,400,0,400,0,0,3/2/2026,,3,21,0,1,0,VICTORIA D3
VICTORIA,0524,180,0,180,0,0,3/2/2026,,3,21,0,1,0,VICTORIA D3
MALINA,3229,0,0,81,0,0,26-01-26,,1,1,81,1,81,MALINA D1
MALINA,0103,0,0,489,0,0,26-01-26,,1,2,489,1,489,MALINA D1
MALINA,0101,0,0,291,0,0,26-01-26,,1,3,291,1,291,MALINA D1
MALINA,3230,21,0,21,0,0,26-01-26,,1,3,0,1,0,MALINA D1
MALINA,3231,0,0,59,0,0,26-01-26,,1,4,59,1,59,MALINA D1
MALINA,3258,11,0,17,0,0,26-01-26,,1,5,6,1,6,MALINA D1 ***
MALINA,3225,2,0,2,0,0,26-01-26,,1,5,0,1,0,MALINA D1 ***
MALINA,3275,2,0,2,0,0,26-01-26,,1,5,0,1,0,MALINA D1 ***
MALINA,3256,1,0,1,0,0,26-01-26,,1,5,0,1,0,MALINA D1 ***
MALINA,3231,43,0,43,0,0,26-01-26,,1,5,0,1,0,MALINA D1 ***
MALINA,3350,15,0,15,0,0,26-01-26,,1,5,0,1,0,MALINA D1 ***
MALINA,01??,280,0,280,0,0,26-01-26,,1,6,0,1,0,MALINA D1 ***
MALINA,3210,3,0,63,0,0,23-01-26,,1,14,10,6,60,MALINA D1
MALINA,3230,90,0,90,0,0,23-01-26,,1,14,0,1,0,MALINA D1
MALINA,3224,4,0,15,0,0,23-01-26,,1,14,11,1,11,MALINA D1 ***
MALINA,0102,426,0,426,0,0,23-01-26,,1,15,0,1,0,MALINA D1
MALINA,3212,8,0,71,0,0,23-01-26,,1,15,7,9,63,MALINA D1
MALINA,4142,0,0,38,0,0,23-01-26,,1,15,19,2,38,MALINA D1 Dup ***
MALINA,4144,0,0,34,0,0,23-01-26,,1,15,17,2,34,MALINA D1 Dup ***
MALINA,4154,0,0,86,0,0,23-01-26,,1,15,43,2,86,MALINA D1 Dup ***
MALINA,4151,0,0,2,0,0,23-01-26,,1,15,1,2,2,MALINA D1 Dup ***
MALINA,4141,0,0,45,0,0,23-01-26,,1,15,9,5,45,MALINA D1 Dup ***
MALINA,4140,1,0,131,0,0,23-01-26,,1,15,26,5,130,MALINA D1 Dup ***
MALINA,4143,0,0,45,0,0,23-01-26,,1,15,45,1,45,MALINA D1 Dup X? ***
MALINA,1920,0,0,29,0,0,23-01-26,,1,15,29,1,29,MALINA D1***
MALINA,19201,0,0,0,0,0,23-01-26,,1,15,0,1,0,MALINA D1***
MALINA,4117,0,0,0,0,0,26-01-26,,1,15,0,1,0,MALINA D1
MALINA,4155,0,0,36,0,0,26-01-26,,1,15,18,2,36,MALINA D1
MALINA,4106,0,0,0,0,0,26-01-26,,1,15,,1,0,MALINA D1***
MALINA,4145,0,0,25,0,0,26-01-26,,1,15,25,1,25,MALINA D1***
MALINA,4150,4,0,64,0,0,26-01-26,,1,15,12,5,60,MALINA D1
MALINA,4156,0,0,25,0,0,26-01-26,,1,15,25,1,25,MALINA D1
MALINA,3229,0,0,20,0,0,26-01-26,,1,13,20,1,20,MALINA D1
MALINA,3210,0,0,6,0,0,26-01-26,,1,13,6,1,6,MALINA D1
MALINA,3223,4,0,12,0,0,26-01-26,,1,13,8,1,8,MALINA D1
MALINA,3253,0,0,11,0,0,26-01-26,,1,13,11,1,11,MALINA D1
MALINA,4146,0,0,144,0,0,23-01-26,,1,18,144,1,144,MALINA D1
MALINA,4247,3,0,27,0,0,23-01-26,,1,18,6,4,24,MALINA D1
MALINA,4285,0,0,24,0,0,23-01-26,,1,18,6,4,24,MALINA D1
MALINA,4224,1,0,25,0,0,23-01-26,,1,18,6,4,24,MALINA D1
MALINA,4280,0,0,2,0,0,23-01-26,,1,18,2,1,2,MALINA D1
MALINA,4225,2,0,2,0,0,23-01-26,,1,18,0,1,0,MALINA D1
MALINA,4231,7,0,27,0,0,23-01-26,,1,18,2,10,20,MALINA D1
MALINA,4218,0,0,40,0,0,23-01-26,,1,18,2,20,40,MALINA D1
MALINA,4260,3,0,3,0,0,23-01-26,,1,18,0,1,0,MALINA D1
MALINA,4240,13,0,53,0,0,23-01-26,,1,18,2,20,40,MALINA D1
MALINA,4230,0,0,40,0,0,23-01-26,,1,18,2,20,40,MALINA D1
MALINA,4241,8,0,48,0,0,23-01-26,,1,18,2,20,40,MALINA D1
MALINA,4284,0,0,28,0,0,23-01-26,,1,18,7,4,28,MALINA D1
MALINA,4234,4,0,24,0,0,23-01-26,,1,18,2,10,20,MALINA D1
MALINA,4258,0,0,3,0,0,23-01-26,,1,18,1,3,3,MALINA D1
MALINA,4274,3,0,11,0,0,23-01-26,,1,18,2,4,8,MALINA D1
MALINA,4144,0,0,10,0,0,23-01-26,,1,18,5,2,10,MALINA D1
MALINA,3228,0,0,136,0,0,23-01-26,,1,18,136,1,136,MALINA D1
MALINA,3230,0,0,21,0,0,23-01-26,,1,18,21,1,21,MALINA D1
MALINA,4149,0,0,156,0,0,23-01-26,,1,18,78,2,156,MALINA D1
MALINA,4148,0,0,72,0,0,23-01-26,,1,18,36,2,72,MALINA D1
MALINA,4157,0,0,14,0,0,23-01-26,,1,18,14,1,14,MALINA D1 ***
MALINA,4146,0,0,360,0,0,23-01-26,,1,18,180,2,360,MALINA D1
MALINA,4250,3,0,15,0,0,23-01-26,,1,18,3,4,12,MALINA D1
MALINA,4248,2,0,2,0,0,23-01-26,,1,18,0,1,0,MALINA D1
MALINA,4283,0,0,28,0,0,23-01-26,,1,18,7,4,28,MALINA D1
MALINA,4153,0,0,40,0,0,23-01-26,,1,18,20,2,40,MALINA D1
MALINA,4147,0,0,140,0,0,23-01-26,,1,18,28,5,140,MALINA D1
MALINA,4239,5,0,6,0,0,23-01-26,,1,18,1,1,1,MALINA D1
MALINA,4261,0,0,0,0,0,23-01-26,,1,18,0,1,0,MALINA D1 ***
MALINA,4252,7,0,9,0,0,23-01-26,,1,18,2,1,2,MALINA D1 ***
MALINA,4265,0,0,60,0,0,23-01-26,,1,18,3,20,60,MALINA D1
MALINA,4221,0,0,30,0,0,23-01-26,,1,18,3,10,30,MALINA D1
MALINA,4264,11,0,51,0,0,23-01-26,,1,18,2,20,40,MALINA D1
MALINA,4253,15,0,55,0,0,23-01-26,,1,18,2,20,40,MALINA D1
MALINA,4254,0,0,60,0,0,23-01-26,,1,18,3,20,60,MALINA D1
MALINA,4243,9,0,19,0,0,23-01-26,,1,18,1,10,10,MALINA D1
MALINA,4216,19,0,59,0,0,23-01-26,,1,18,2,20,40,MALINA D1
MALINA,3031,6,0,6,0,0,23-01-26,,1,18,0,1,0,MALINA D1
MALINA,3032,0,0,1,0,0,23-01-26,,1,18,1,1,1,MALINA D1
MALINA,3033,0,0,1,0,0,23-01-26,,1,18,1,1,1,MALINA D1
MALINA,3036,11,0,11,0,0,23-01-26,,1,18,0,1,0,MALINA D1
MALINA,3035,9,0,9,0,0,23-01-26,,1,18,0,1,0,MALINA D1
MALINA,4107,4,0,804,0,0,26-01-26,,1,26,8,100,800,MALINA D1
MALINA,4114,0,0,12,0,0,26-01-26,,1,26,6,2,12,MALINA D1
MALINA,4113,0,0,19,0,0,26-01-26,,1,26,19,1,19,MALINA D1 ***
MALINA,4111,10,0,19,0,0,26-01-26,,1,26,9,1,9,MALINA D1 ***
MALINA,4102,0,0,130,0,0,26-01-26,,1,26,26,5,130,MALINA D1
MALINA,4101,1,0,201,0,0,26-01-26,,1,26,2,100,200,MALINA D1
MALINA,4100,0,0,40,0,0,26-01-26,,1,26,2,20,40,MALINA D1
MALINA,4104,1,0,27,0,0,26-01-26,,1,26,13,2,26,MALINA D1
MALINA,4117,0,0,5,0,0,26-01-26,,1,26,1,5,5,MALINA D1
MALINA,4110,7,0,57,0,0,26-01-26,,1,26,5,10,50,MALINA D1
MALINA,4107,0,0,0,0,0,26-01-26,,1,26,14,0,0,MALINA D1 ***
MALINA,4146,0,0,0,0,0,26-01-26,,1,26,0,1,0,MALINA D1 ***
MALINA,7130,0,0,0,0,0,26-01-26,,1,25,16,0,0,MALINA D1 CODIGO ???***
MALINA,7132,10,0,10,0,0,26-01-26,,1,25,4,0,0,MALINA D1 ***
MALINA,1769,0,0,28,0,0,27-01-26,,2,13,28,1,28,MALINA D2 ***
MALINA,1742,0,0,9,0,0,27-01-26,,2,13,1,9,9,MALINA D2 ***
MALINA,1715,0,0,4,0,0,27-01-26,,2,13,4,1,4,MALINA D2 ***
MALINA,1713,0,0,10,0,0,27-01-26,,2,13,10,1,10,MALINA D2 ***
MALINA,1712,10,0,20,0,0,27-01-26,,2,13,10,1,10,MALINA D2 ***
MALINA,1711,0,0,0,0,0,27-01-26,,2,13,0,1,0,MALINA D2 ***
MALINA,1737,0,0,2,0,0,27-01-26,,2,13,2,1,2,MALINA D2 ***
MALINA,1709,5,0,6,0,0,27-01-26,,2,13,1,1,1,MALINA D2 ***
MALINA,8031,0,0,19,0,0,27-01-26,,2,13,19,1,19,MALINA D2 ***
MALINA,1711,0,0,22,0,0,27-01-26,,2,13,22,1,22,MALINA D2 ***
MALINA,1710,6,0,50,0,0,27-01-26,,2,13,44,1,44,MALINA D2 ***
MALINA,1972,0,0,1,0,0,28-01-26,,2,13,1,1,1,MALINA D2
MALINA,1995,0,0,5,0,0,28-01-27,,2,13,5,1,5,MALINA D2
MALINA,1954,0,0,13,0,0,28-01-28,,2,13,13,1,13,MALINA D2
MALINA,1958,0,0,7,0,0,28-01-29,,2,13,7,1,7,MALINA D2
MALINA,1937,0,0,7,0,0,28-01-30,,2,13,7,1,7,MALINA D2
MALINA,7038,0,0,15,0,0,27-01-26,,2,14,15,1,15,MALINA D2 ***
MALINA,7037,0,0,11,0,0,27-01-26,,2,14,11,1,11,MALINA D2 ***
MALINA,1738,2,0,3,0,0,27-01-26,,2,14,1,1,1,MALINA D2 ***
MALINA,1728,2,0,176,0,0,27-01-26,,2,14,29,6,174,MALINA D2
MALINA,1740,5,0,41,0,0,27-01-26,,2,14,6,6,36,MALINA D2
MALINA,1739,1,0,43,0,0,27-01-26,,2,14,7,6,42,MALINA D2
MALINA,1719,0,0,60,0,0,27-01-26,,2,14,10,6,60,MALINA D2
MALINA,1718,5,0,23,0,0,27-01-26,,2,14,3,6,18,MALINA D2
MALINA,1727,0,0,2,0,0,27-01-26,,2,14,2,1,2,MALINA D2 ***
MALINA,1717,0,0,20,0,0,27-01-26,,2,14,20,1,20,MALINA D2 ***
MALINA,1788,0,0,2,0,0,27-01-26,,2,14,2,1,2,MALINA D2 ***
MALINA,1533,1,0,1,0,0,28-01-26,,2,14,0,1,0,MALINA D2 codigo ??? ***
MALINA,1574,0,0,8,0,0,28-01-26,,2,14,4,2,8,MALINA D2
MALINA,1571,0,0,30,0,0,28-01-26,,2,14,10,3,30,MALINA D2
MALINA,1570,2,0,41,0,0,28-01-26,,2,14,13,3,39,MALINA D2
MALINA,1569,2,0,8,0,0,28-01-26,,2,14,2,3,6,MALINA D2
MALINA,1577,0,0,15,0,0,28-01-26,,2,14,5,3,15,MALINA D2
MALINA,1523,3,0,81,0,0,28-01-26,,2,14,13,6,78,MALINA D2
MALINA,1576,1,0,7,0,0,28-01-26,,2,14,2,3,6,MALINA D2
MALINA,1567,0,0,20,0,0,28-01-26,,2,14,5,4,20,MALINA D2
MALINA,1566,3,0,51,0,0,28-01-26,,2,14,12,4,48,MALINA D2
MALINA,1565,0,0,4,0,0,28-01-26,,2,14,1,4,4,MALINA D2
MALINA,1564,1,0,29,0,0,28-01-26,,2,14,7,4,28,MALINA D2
MALINA,1522,0,0,36,0,0,28-01-26,,2,14,6,6,36,MALINA D2
MALINA,1714,0,0,8,0,0,27-01-26,,2,15,8,1,8,MALINA D2 ***
MALINA,1726,1,0,33,0,0,27-01-26,,2,15,8,4,32,MALINA D2
MALINA,1725,1,0,19,0,0,27-01-26,,2,15,6,3,18,MALINA D2
MALINA,1724,3,0,19,0,0,27-01-26,,2,15,4,4,16,MALINA D2
MALINA,1723,0,0,24,0,0,27-01-26,,2,15,6,4,24,MALINA D2
MALINA,1722,2,0,14,0,0,27-01-26,,2,15,3,4,12,MALINA D2
MALINA,1721,3,0,27,0,0,27-01-26,,2,15,6,4,24,MALINA D2
MALINA,1720,3,0,12,0,0,27-01-26,,2,15,9,1,9,MALINA D2 ***
MALINA,1733,1,0,52,0,0,27-01-26,,2,15,17,3,51,MALINA D2
MALINA,1732,0,0,27,0,0,27-01-26,,2,15,9,3,27,MALINA D2
MALINA,1731,1,0,19,0,0,27-01-26,,2,15,6,3,18,MALINA D2
MALINA,1730,0,0,2,0,0,27-01-26,,2,15,2,1,2,MALINA D2 ***
MALINA,1659,1,0,1,0,0,27-01-26,,2,15,0,1,0,MALINA D2
MALINA,1931,0,0,2,0,0,27-01-26,,2,15,2,1,2,MALINA D2 ***
MALINA,1699,372,0,372,0,0,27-01-26,,2,15,0,1,0,MALINA D2
MALINA,2006,100,0,100,0,0,27-01-26,,2,15,0,1,0,MALINA D2
MALINA,1562,1,0,49,0,0,28-01-26,,2,15,12,4,48,MALINA D2
MALINA,1521,0,0,42,0,0,28-01-26,,2,15,7,6,42,MALINA D2
MALINA,1561,0,0,5,0,0,28-01-26,,2,15,5,1,5,MALINA D2 ***
MALINA,1520,0,0,6,0,0,28-01-26,,2,15,6,1,6,MALINA D2 ***
MALINA,1974,3,0,3,0,0,28-01-26,,2,15,0,1,0,MALINA D2
MALINA,1942,22,0,22,0,0,28-01-26,,2,15,0,1,0,MALINA D2
MALINA,1941,12,0,12,0,0,28-01-26,,2,15,0,1,0,MALINA D2
MALINA,1962,10,0,10,0,0,28-01-26,,2,15,0,1,0,MALINA D2
MALINA,1966,4,0,4,0,0,28-01-26,,2,15,0,1,0,MALINA D2
MALINA,1943,1,0,1,0,0,28-01-26,,2,15,0,1,0,MALINA D2
MALINA,1965,3,0,3,0,0,28-01-26,,2,15,0,1,0,MALINA D2
MALINA,1951,8,0,8,0,0,28-01-26,,2,15,0,1,0,MALINA D2
MALINA,1944,8,0,8,0,0,28-01-26,,2,15,0,1,0,MALINA D2
MALINA,1946,15,0,15,0,0,28-01-26,,2,15,0,1,0,MALINA D2
MALINA,1961,34,0,34,0,0,28-01-26,,2,15,0,1,0,MALINA D2
MALINA,1973,26,0,26,0,0,28-01-26,,2,15,0,1,0,MALINA D2
MALINA, ,19,0,19,0,0,28-01-26,,2,15,0,1,0,MALINA D2 CODIGO ???***
MALINA,1950,9,0,9,0,0,28-01-26,,2,15,0,1,0,MALINA D2
MALINA,1964,9,0,9,0,0,28-01-26,,2,15,0,1,0,MALINA D2 1 incompleto ***
MALINA,1943,12,0,12,0,0,28-01-26,,2,15,0,1,0,MALINA D2
MALINA,1202,8,0,8,0,0,28-01-26,,2,27,0,1,0,MALINA D2
MALINA,1428,0,0,40,0,0,28-01-26,,2,27,4,10,40,MALINA D2
MALINA,119801,0,0,5,0,0,28-01-26,,2,27,1,5,5,MALINA D2
MALINA,1405,0,0,100,0,0,28-01-26,,2,27,10,10,100,MALINA D2
MALINA,1480,0,0,35,0,0,28-01-26,,2,27,7,5,35,MALINA D2
MALINA,1420,0,0,10,0,0,28-01-26,,2,27,1,10,10,MALINA D2
MALINA,1412,0,0,7,0,0,28-01-26,,2,27,7,1,7,MALINA D2 ***
MALINA,1413,0,0,30,0,0,28-01-26,,2,27,3,10,30,MALINA D2
MALINA,1414,0,0,12,0,0,28-01-26,,2,27,6,2,12,MALINA D2
MALINA,1418,0,0,90,0,0,28-01-26,,2,27,9,10,90,MALINA D2
MALINA,1415,0,0,128,0,0,28-01-26,,2,27,64,2,128,MALINA D2
MALINA,1399,0,0,70,0,0,28-01-26,,2,27,7,10,70,MALINA D2
MALINA,1404,0,0,60,0,0,28-01-26,,2,27,6,10,60,MALINA D2
MALINA,1408,0,0,90,0,0,28-01-26,,2,27,9,10,90,MALINA D2
MALINA,1407,0,0,200,0,0,28-01-26,,2,27,20,10,200,MALINA D2
MALINA,1406,0,0,150,0,0,28-01-26,,2,27,15,10,150,MALINA D2
MALINA,1403,0,0,9,0,0,28-01-26,,2,27,9,1,9,MALINA D2 ***
MALINA,1478,0,0,40,0,0,28-01-26,,2,27,4,10,40,MALINA D2
MALINA,1416,0,0,30,0,0,28-01-26,,2,27,3,10,30,MALINA D2
MALINA,14180,0,0,30,0,0,28-01-26,,2,27,3,10,30,MALINA D2
MALINA,1427,0,0,130,0,0,28-01-26,,2,27,13,10,130,MALINA D2
MALINA,1419,0,0,10,0,0,28-01-26,,2,27,1,10,10,MALINA D2
MALINA,1429,0,0,4,0,0,28-01-26,,2,27,4,1,4,MALINA D2
MALINA,1410,0,0,44,0,0,28-01-26,,2,27,44,1,44,MALINA D2 ***
MALINA,1409,0,0,3,0,0,28-01-26,,2,27,3,1,3,MALINA D2
MALINA,1425,0,0,16,0,0,28-01-26,,2,27,16,1,16,MALINA D2 ***
MALINA,1430,0,0,160,0,0,28-01-26,,2,27,16,10,160,MALINA D2
MALINA,7006,18,0,818,0,0,29-01-26,,2,27,4,200,800,MALINA D2
MALINA,7039,5,0,105,0,0,29-01-26,,2,27,1,100,100,MALINA D2
MALINA,1236,0,0,6,0,0,29-01-2026,,3,1,6,1,6,MALINA D3
MALINA,1196,0,0,11,0,0,29-01-2026,,3,1,11,1,11,MALINA D3
MALINA,7158,0,0,17,0,0,29-01-2026,,3,1,17,1,17,MALINA D3
MALINA,3252,4,0,24,0,0,29-01-2026,,3,1,1,20,20,MALINA D3
MALINA,0493,0,0,184,0,0,29-01-2026,,3,1,184,1,184,MALINA D3
MALINA,15141,0,0,4,0,0,29-01-2026,,3,1,4,1,4,MALINA D3
MALINA,7163,0,0,405,0,0,29-01-2026,,3,1,405,1,405,MALINA D3
MALINA,7164,0,0,31,0,0,29-01-2026,,3,1,31,1,31,MALINA D3
MALINA,7165,0,0,31,0,0,29-01-2026,,3,1,31,1,31,MALINA D3
MALINA,7160,0,0,17,0,0,29-01-2026,,3,1,17,1,17,MALINA D3
MALINA,7166,0,0,9,0,0,29-01-2026,,3,1,9,1,9,MALINA D3
MALINA,7173,0,0,15,0,0,29-01-2026,,3,1,15,1,15,MALINA D3
MALINA,0494,44,0,214,0,0,29-01-2026,,3,1,2,85,170,MALINA D3
MALINA,1223,0,0,12,0,0,29-01-2026,,3,2,12,1,12,MALINA D3
MALINA,7071,0,0,5,0,0,29-01-2026,,3,2,5,1,5,MALINA D3
MALINA,7080,0,0,22,0,0,29-01-2026,,3,2,22,1,22,MALINA D3
MALINA,7072,0,0,14,0,0,29-01-2026,,3,2,14,1,14,MALINA D3
MALINA,7081,0,0,6,0,0,30-01-2026,,3,2,6,1,6,MALINA D3
MALINA,7070,29,0,29,0,0,30-01-2026,,3,2,0,1,0,MALINA D3
MALINA,7079,0,0,9000,0,0,30-01-2026,,3,2,3,3000,9000,MALINA D3
MALINA,7073,0,0,1000,0,0,30-01-2026,,3,2,1,1000,1000,MALINA D3
MALINA,1161,0,0,42,0,0,30-01-2026,,3,2,42,1,42,MALINA D3
MALINA,7083,0,0,22,0,0,30-01-2026,,3,2,22,1,22,MALINA D3
MALINA,1216,0,0,93,0,0,30-01-2026,,3,2,93,1,93,MALINA D3
MALINA,7177,0,0,7,0,0,30-01-2026,,3,2,7,1,7,MALINA D3
MALINA,1218,1,0,8,0,0,30-01-2026,,3,2,7,1,7,MALINA D3
MALINA,3119,0,0,21,0,0,30-01-2026,,3,2,21,1,21,MALINA D3
MALINA,1237,0,0,100,0,0,30-01-2026,,3,2,1,100,100,MALINA D3
MALINA,1242,0,0,4,0,0,30-01-2026,,3,2,4,1,4,MALINA D3
MALINA,7084,0,0,100,0,0,30-01-2026,,3,2,100,1,100,MALINA D3
MALINA,7076,0,0,33,0,0,30-01-2026,,3,2,33,1,33,MALINA D3
MALINA,7077,0,0,8800,0,0,30-01-2026,,3,2,44,200,8800,MALINA D3
MALINA,7078,0,0,4100,0,0,30-01-2026,,3,2,41,100,4100,MALINA D3
MALINA,1223,0,0,7,0,0,30-01-2026,,3,2,7,1,7,MALINA D3
MALINA,0408,0,0,12,0,0,30-01-2026,,3,2,12,1,12,MALINA D3
MALINA,7079,0,0,2,0,0,30-01-2026,,3,2,2,1,2,MALINA D3
MALINA,0391,0,0,120,0,0,30-01-2026,,3,2,12,10,120,MALINA D3
MALINA,0390,0,0,130,0,0,30-01-2026,,3,2,13,10,130,MALINA D3
MALINA,7082,0,0,9500,0,0,30-01-2026,,3,2,19,500,9500,MALINA D3
MALINA,3292,0,0,0,0,0,30-01-2026,,3,2,0,1,0,MALINA D3 Mirar despues ***
MALINA,3293,0,0,100,0,0,30-01-2026,,3,2,1,100,100,MALINA D3
MALINA,1157,8,0,8,0,0,30-01-2026,,3,2,0,1,0,MALINA D3
MALINA,1158,1,0,31,0,0,30-01-2026,,3,2,3,10,30,MALINA D3
MALINA,1159,2,0,42,0,0,30-01-2026,,3,2,4,10,40,MALINA D3
MALINA,33210,0,0,9,0,0,30-01-2026,,3,2,3,3,9,MALINA D3
MALINA,1651,0,0,8,0,0,30-01-2026,,3,2,8,1,8,MALINA D3
MALINA,16510,0,0,9,0,0,30-01-2026,,3,2,9,1,9,MALINA D3
MALINA,0489,35,0,125,0,0,2/2/2026,,3,37,2,45,90,MALINA D3
MALINA,0492,14,0,28,0,0,2/2/2026,,3,37,1,14,14,MALINA D3
MALINA,0487,39,0,141,0,0,2/2/2026,,3,37,2,51,102,MALINA D3
MALINA,0311,0,0,4800,0,0,2/2/2026,,3,38,6,800,4800,MALINA D3
MALINA,7181,3,0,17,0,0,2/2/2026,,3,38,1,14,14,MALINA D3
MALINA,7180,11,0,11,0,0,2/2/2026,,3,38,0,1,0,MALINA D3
MALINA,7179,13,0,13,0,0,2/2/2026,,3,38,0,1,0,MALINA D3
MALINA,3291,0,0,1925,0,0,2/2/2026,,3,38,77,25,1925,MALINA D3
MALINA,3290,0,0,1400,0,0,2/2/2026,,3,38,56,25,1400,MALINA D3
MALINA,3202,50,0,250,0,0,2/2/2026,,3,38,4,50,200,MALINA D3 ***
MALINA,7135,86,0,486,0,0,2/2/2026,,3,38,8,50,400,MALINA D3
MALINA,7134,22,0,322,0,0,2/2/2026,,3,38,6,50,300,MALINA D3
MALINA,7133,95,0,495,0,0,2/2/2026,,3,38,4,100,400,MALINA D3
MALINA,7139,1,0,13,0,0,2/2/2026,,3,38,1,12,12,MALINA D3
MALINA,3206,134,0,134,0,0,2/2/2026,,3,38,0,1,0,MALINA D3
MALINA,7100,0,0,150,0,0,2/2/2026,,3,38,3,50,150,MALINA D3
MALINA,3249,0,0,10,0,0,2/2/2026,,3,38,1,10,10,MALINA D3
MALINA,3270,5,0,5,0,0,30-01-2026,,3,39,0,1,0,MALINA D3
MALINA,3104,0,0,48,0,0,30-01-2026,,3,39,12,4,48,MALINA D3
MALINA,15095,0,0,2,0,0,30-01-2026,,3,39,2,1,2,MALINA D3
MALINA,3104,0,0,308,0,0,30-01-2026,,3,39,77,4,308,MALINA D3
MALINA,3263,0,0,400,0,0,30-01-2026,,3,39,4,100,400,MALINA D3
MALINA,3194,0,0,102,0,0,30-01-2026,,3,39,51,2,102,MALINA D3
MALINA,3249,4,0,4,0,0,30-01-2026,,3,39,0,1,0,MALINA D3
MALINA,3199,0,0,20,0,0,30-01-2026,,3,39,10,2,20,MALINA D3
MALINA,3195,0,0,2,0,0,30-01-2026,,3,39,1,2,2,MALINA D3
MALINA,7112,43,0,43,0,0,30-01-2026,,3,39,0,1,0,MALINA D3
MALINA,7102,43,0,43,0,0,30-01-2026,,3,39,0,1,0,MALINA D3
MALINA,3261,14,0,14,0,0,30-01-2026,,3,39,0,1,0,MALINA D3
MALINA,3245,0,0,50,0,0,30-01-2026,,3,39,1,50,50,MALINA D3
MALINA,3244,0,0,30,0,0,30-01-2026,,3,39,3,10,30,MALINA D3
MALINA,3243,0,0,30,0,0,30-01-2026,,3,39,3,10,30,MALINA D3
MALINA,3242,0,0,40,0,0,30-01-2026,,3,39,4,10,40,MALINA D3
MALINA,3196,0,0,72,0,0,30-01-2026,,3,39,36,2,72,MALINA D3
MALINA,3200,0,0,60,0,0,30-01-2026,,3,39,6,10,60,MALINA D3
MALINA,3010,13,0,13,0,0,30-01-2026,,3,39,0,1,0,MALINA D3
MALINA,3013,3,0,3,0,0,30-01-2026,,3,39,0,1,0,MALINA D3
MALINA,1333,0,0,1500,0,0,30-01-2026,,3,40,60,25,1500,MALINA D3
MALINA,1362,0,0,225,0,0,30-01-2026,,3,40,9,25,225,MALINA D3
MALINA,1365,7,0,727,0,0,30-01-2026,,3,40,16,45,720,MALINA D3 sueltos ?
MALINA,1324,2,0,2,0,0,30-01-2026,,3,40,0,1,0,MALINA D3
MALINA,1361,0,0,12000,0,0,30-01-2026,,3,40,12,1000,12000,MALINA D3
MALINA,1360,0,0,8000,0,0,30-01-2026,,3,40,8,1000,8000,MALINA D3 Mucha Dif ***
MALINA,1362,0,0,80000,0,0,30-01-2026,,3,40,8,10000,80000,MALINA D3 Mucha Dif ***
MALINA,1363,0,0,8000,0,0,30-01-2026,,3,40,8,1000,8000,MALINA D3 Mucha Dif ***
MALINA,1353,0,0,2400,0,0,30-01-2026,,3,40,25,96,2400,MALINA D3
MALINA,3269,53,0,53,0,0,30-01-2026,,3,40,0,1,0,MALINA D3
MALINA,3264,44,0,44,0,0,30-01-2026,,3,40,0,1,0,MALINA D3
MALINA,3265,31,0,31,0,0,30-01-2026,,3,40,0,1,0,MALINA D3
MALINA,3333,41,0,91,0,0,30-01-2026,,3,40,1,50,50,MALINA D3
MALINA,3120,9,0,109,0,0,30-01-2026,,3,40,1,100,100,MALINA D3
MALINA,3268,92,0,392,0,0,2/2/2026,,3,40,3,100,300,MALINA D3
MALINA,3309,14,0,1114,0,0,2/2/2026,,3,40,11,100,1100,MALINA D3
MALINA,11482,0,0,180,0,0,2/2/2026,,3,40,3,60,180,MALINA D3
MALINA,3124,0,0,52,0,0,2/2/2026,,3,40,13,4,52,MALINA D3
MALINA,15142,0,0,2,0,0,3/2/2026,,3,41,2,1,2,MALINA D3
MALINA,0518,0,0,150,0,0,3/2/2026,,3,41,3,50,150,MALINA D3
MALINA,15146,0,0,8,0,0,3/2/2026,,3,41,8,1,8,MALINA D3
MALINA,1154,0,0,100,0,0,3/2/2026,,3,41,4,25,100,MALINA D3
MALINA,0518,0,0,50,0,0,3/2/2026,,3,41,1,50,50,MALINA D3
MALINA,0314,0,0,3200,0,0,3/2/2026,,3,41,4,800,3200,MALINA D3
MALINA,11541,0,0,1,0,0,3/2/2026,,3,41,1,1,1,MALINA D3
MALINA,15147,0,0,2,0,0,3/2/2026,,3,42,2,1,2,MALINA D3
MALINA,15146,0,0,10,0,0,3/2/2026,,3,42,10,1,10,MALINA D3
MALINA,0311,0,0,9600,0,0,3/2/2026,,3,42,12,800,9600,MALINA D3
MALINA,0317,0,0,100,0,0,3/2/2026,,3,42,4,25,100,MALINA D3
MALINA,0345,0,0,13500,0,0,3/2/2026,,3,43,27,500,13500,MALINA D3
MALINA,0353,0,0,3150,0,0,3/2/2026,,3,43,21,150,3150,MALINA D3
MALINA,0346,0,0,13500,0,0,3/2/2026,,3,43,27,500,13500,MALINA D3
MALINA,0355,0,0,1400,0,0,3/2/2026,,3,43,28,50,1400,MALINA D3
MALINA,0342,0,0,5500,0,0,3/2/2026,,3,43,22,250,5500,MALINA D3
MALINA,0340,0,0,23000,0,0,3/2/2026,,3,43,46,500,23000,MALINA D3
MALINA,1906,1,0,1,0,0,3/2/2026,,3,43,0,1,0,MALINA D3
MALINA,1307,4,0,4,0,0,3/2/2026,,3,43,0,1,0,MALINA D3
MALINA,1309,34,0,34,0,0,3/2/2026,,3,43,0,1,0,MALINA D3
MALINA,1305,0,0,60,0,0,3/2/2026,,3,43,6,10,60,MALINA D3 mensaje cja sin nada ***
MALINA,1306,0,0,20,0,0,3/2/2026,,3,43,4,5,20,MALINA D3
MALINA,3334,0,0,60,0,0,3/2/2026,,3,43,2,30,60,MALINA D3
MALINA,16351,2,0,2,0,0,3/2/2026,,3,43,0,1,0,MALINA D3
MALINA,1635,4,0,4,0,0,3/2/2026,,3,43,0,1,0,MALINA D3
MALINA,1634,6,0,6,0,0,3/2/2026,,3,43,0,6,0,MALINA D3 6 barras restante sobrando ***
MALINA,1633,0,0,1,0,0,3/2/2026,,3,43,1,1,1,MALINA D3 4 restante sobrando ***
MALINA,8012,370,0,370,0,0,3/2/2026,,3,43,0,1,0,MALINA D3
MALINA,0815,4,0,804,0,0,3/2/2026,,3,43,32,25,800,MALINA D3 Codigo no existe ***
MALINA,3002,1,0,40,0,0,3/2/2026,,3,43,39,1,39,MALINA D3
MALINA,3003,0,0,30,0,0,3/2/2026,,3,43,30,1,30,MALINA D3
MALINA,1303,8,0,8,0,0,3/2/2026,,3,44,0,1,0,MALINA D3
MALINA,1315,4,0,4,0,0,3/2/2026,,3,44,0,1,0,MALINA D3
MALINA,1316,5,0,5,0,0,3/2/2026,,3,44,0,1,0,MALINA D3
MALINA,1302,0,0,150,0,0,3/2/2026,,3,44,3,50,150,MALINA D3
MALINA,1312,25,0,550,0,0,3/2/2026,,3,44,7,75,525,MALINA D3
MALINA,1311,0,0,0,0,0,3/2/2026,,3,44,0,1,0,MALINA D3 Pendiente pesar ***
MALINA,1313,16,0,16,0,0,3/2/2026,,3,44,0,1,0,MALINA D3
MALINA,1301,0,0,150,0,0,3/2/2026,,3,44,3,50,150,MALINA D3
MALINA,1299,0,0,50,0,0,3/2/2026,,3,44,1,50,50,MALINA D3
MALINA,3335,9,0,31,0,0,3/2/2026,,3,44,1,22,22,MALINA D3
MALINA,3506,0,0,1500,0,0,3/2/2026,,3,44,3,500,1500,MALINA D3
MALINA,0349,0,0,2000,0,0,3/2/2026,,3,44,4,500,2000,MALINA D3
MALINA,0526,0,0,200,0,0,3/2/2026,,3,44,4,50,200,MALINA D3
MALINA,3124,0,0,28,0,0,3/2/2026,,3,44,7,4,28,MALINA D3
MALINA,0318,0,0,90,0,0,2/2/2026,,3,45,9,10,90,MALINA D3
MALINA,0319,0,0,700,0,0,2/2/2026,,3,45,28,25,700,MALINA D3
MALINA,0532,0,0,400,0,0,2/2/2026,,3,46,2,200,400,MALINA D3
MALINA,0531,0,0,700,0,0,2/2/2026,,3,46,7,100,700,MALINA D3
MALINA,0316,0,0,300,0,0,2/2/2026,,3,46,3,100,300,MALINA D3
MALINA,0313,0,0,400,0,0,2/2/2026,,3,46,2,200,400,MALINA D3
MALINA,0315,0,0,192,0,0,2/2/2026,,3,46,6,32,192,MALINA D3
MALINA,0322,0,0,200,0,0,2/2/2026,,3,46,8,25,200,MALINA D3
MALINA,0314,0,0,96,0,0,2/2/2026,,3,46,16,6,96,MALINA D3
MALINA,0528,0,0,100,0,0,2/2/2026,,3,47,2,50,100,MALINA D10
MALINA,04945,0,0,6,0,0,2/2/2026,,3,47,2,3,6,MALINA D10
MALINA,0527,0,0,250,0,0,2/2/2026,,3,47,5,50,250,MALINA D10
MALINA,0305,0,0,40,0,0,2/2/2026,,3,47,8,5,40,MALINA D10
MALINA,0320,0,0,7200,0,0,2/2/2026,,3,47,48,150,7200,MALINA D10
MALINA,0318,0,0,100,0,0,2/2/2026,,3,47,10,10,100,MALINA D10
MALINA,0324,0,0,150,0,0,2/2/2026,,3,48,6,25,150,MALINA D3
MALINA,0325,0,0,375,0,0,2/2/2026,,3,48,3,125,375,MALINA D3
MALINA,0326,0,0,450,0,0,2/2/2026,,3,48,3,150,450,MALINA D3
MALINA,0323,0,0,600,0,0,2/2/2026,,3,48,8,75,600,MALINA D3
MALINA,0321,0,0,1600,0,0,2/2/2026,,3,48,16,100,1600,MALINA D3
MALINA,04891,82,0,82,0,0,2/2/2026,,3,48,0,1,0,MALINA D3
MALINA,3124,0,0,24,0,0,2/2/2026,,3,48,6,4,24,MALINA D3
MALINA,3281,0,0,1,0,0,2/2/2026,,3,48,1,1,1,MALINA D3 Viejo y Deteriorado ***
MALINA,04943,30,0,30,0,0,2/2/2026,,3,48,0,1,0,MALINA D3
MALINA,3020,9,0,9,0,0,2/2/2026,,3,48,0,1,0,MALINA D3
MALINA,3006,10,0,10,0,0,2/2/2026,,3,48,0,1,0,MALINA D3
MALINA,3028,4,0,4,0,0,2/2/2026,,3,48,0,1,0,MALINA D3
MALINA,3005,5,0,5,0,0,2/2/2026,,3,48,0,1,0,MALINA D3
MALINA,3027,3,0,3,0,0,2/2/2026,,3,48,0,1,0,MALINA D3
MALINA,2998,23,0,23,0,0,2/2/2026,,3,48,0,1,0,MALINA D3
MALINA,0312,0,0,400,0,0,2/2/2026,,3,48,8,50,400,MALINA D3
MALINA,3018,10,0,10,0,0,2/2/2026,,3,48,0,1,0,MALINA D3
MALINA,0526,0,0,40,0,0,2/2/2026,,3,48,8,5,40,MALINA D3
MALINA,3322,36,0,36,0,0,3/2/2026,,4,1,0,1,0,MALINA D4 Verificar RACK ***
MALINA,1652,6,0,6,0,0,3/2/2026,,4,1,0,1,0,MALINA D4 Verificar RACK ***
MALINA,7187,1,0,1,0,0,3/2/2026,,4,1,0,1,0,MALINA D4 Verificar RACK y Existencia***
MALINA,1654,0,0,7,0,0,3/2/2026,,4,1,7,1,7,MALINA D4 Verificar RACK ***
MALINA,0560,0,0,4700,0,0,3/2/2026,,4,1,94,50,4700,MALINA D4
MALINA,0550,0,0,1550,0,0,3/2/2026,,4,1,31,50,1550,MALINA D4
MALINA,12431,5,0,17,0,0,3/2/2026,,4,2,1,12,12,MALINA D4
MALINA,1249,3,0,33,0,0,3/2/2026,,4,2,5,6,30,MALINA D4
MALINA,1246,0,0,40,0,0,3/2/2026,,4,2,5,8,40,MALINA D4
MALINA,12521,2,0,12,0,0,3/2/2026,,4,2,2,5,10,MALINA D4
MALINA,12441,8,0,18,0,0,3/2/2026,,4,2,1,10,10,MALINA D4
MALINA,12451,1,0,31,0,0,3/2/2026,,4,2,3,10,30,MALINA D4
MALINA,1247,4,0,12,0,0,3/2/2026,,4,2,1,8,8,MALINA D4
MALINA,1248,0,0,30,0,0,3/2/2026,,4,2,3,10,30,MALINA D4
MALINA,12501,0,0,30,0,0,3/2/2026,,4,2,5,6,30,MALINA D4
MALINA,12541,6,0,16,0,0,3/2/2026,,4,3,1,10,10,MALINA D4
MALINA,12601,5,0,23,0,0,3/2/2026,,4,3,3,6,18,MALINA D4
MALINA,12551,0,0,20,0,0,3/2/2026,,4,3,2,10,20,MALINA D4
MALINA,12603,2,0,2,0,0,3/2/2026,,4,3,0,1,0,MALINA D4
MALINA,12602,3,0,8,0,0,3/2/2026,,4,3,1,5,5,MALINA D4
MALINA,12561,7,0,17,0,0,3/2/2026,,4,3,1,10,10,MALINA D4
MALINA,12533,1,0,23,0,0,3/2/2026,,4,4,11,2,22,MALINA D4
MALINA,1277,1,0,19,0,0,3/2/2026,,4,4,9,2,18,MALINA D4
MALINA,0554,0,0,210,0,0,3/2/2026,,4,5,21,10,210,MALINA D4
MALINA,0565,90,0,720,0,0,3/2/2026,,4,5,42,15,630,MALINA D4 Complemento y tuerca ***
MALINA,0547,0,0,650,0,0,3/2/2026,,4,5,13,50,650,MALINA D4
MALINA,0548,0,0,1100,0,0,3/2/2026,,4,5,22,50,1100,MALINA D4
MALINA,0549,0,0,840,0,0,4/2/2026,,4,5,42,20,840,MALINA D4
MALINA,1262,8,0,18,0,0,4/2/2026,,4,6,1,10,10,MALINA D4
MALINA,1274,0,0,20,0,0,4/2/2026,,4,6,4,5,20,MALINA D4
MALINA,1264,0,0,16,0,0,4/2/2026,,4,6,2,8,16,MALINA D4
MALINA,1271,0,0,24,0,0,4/2/2026,,4,6,4,6,24,MALINA D4
MALINA,1261,6,0,30,0,0,4/2/2026,,4,6,2,12,24,MALINA D4
MALINA,12532,4,0,14,0,0,4/2/2026,,4,6,2,5,10,MALINA D4
MALINA,12531,0,0,45,0,0,4/2/2026,,4,6,9,5,45,MALINA D4
MALINA,12511,4,0,34,0,0,4/2/2026,,4,6,5,6,30,MALINA D4
MALINA,12581,0,0,24,0,0,4/2/2026,,4,7,4,6,24,MALINA D4
MALINA,12591,10,0,34,0,0,4/2/2026,,4,7,4,6,24,MALINA D4
MALINA,1284,0,0,9,0,0,4/2/2026,,4,7,9,1,9,MALINA D4
MALINA,12605,5,0,17,0,0,4/2/2026,,4,7,2,6,12,MALINA D4
MALINA,1285,0,0,21,0,0,4/2/2026,,4,7,21,1,21,MALINA D4
MALINA,1283,0,0,15,0,0,4/2/2026,,4,8,15,1,15,MALINA D4
MALINA,1282,0,0,12,0,0,4/2/2026,,4,8,12,1,12,MALINA D4
MALINA,1281,0,0,22,0,0,4/2/2026,,4,8,22,1,22,MALINA D4
MALINA,1293,0,0,4,0,0,4/2/2026,,4,8,4,1,4,MALINA D4
MALINA,12607,0,0,18,0,0,4/2/2026,,4,8,6,3,18,MALINA D4 Cajas ***
MALINA,0557,0,0,630,0,0,4/2/2026,,4,9,63,10,630,MALINA D4
MALINA,0558,0,0,60,0,0,4/2/2026,,4,9,12,5,60,MALINA D4
MALINA,0559,0,0,120,0,0,4/2/2026,,4,9,24,5,120,MALINA D4
MALINA,0549,0,0,1600,0,0,4/2/2026,,4,9,2,800,1600,MALINA D4
MALINA,1276,2,0,17,0,0,4/2/2026,,4,10,3,5,15,MALINA D4
MALINA,1275,4,0,14,0,0,4/2/2026,,4,10,2,5,10,MALINA D4
MALINA,1269,4,0,28,0,0,4/2/2026,,4,10,3,8,24,MALINA D4
MALINA,1270,2,0,34,0,0,4/2/2026,,4,10,4,8,32,MALINA D4
MALINA,1273,4,0,10,0,0,4/2/2026,,4,10,1,6,6,MALINA D4
MALINA,1263,2,0,12,0,0,4/2/2026,,4,10,1,10,10,MALINA D4
MALINA,1272,0,0,12,0,0,4/2/2026,,4,10,2,6,12,MALINA D4
MALINA,1286,0,0,17,0,0,4/2/2026,,4,11,17,1,17,MALINA D4
MALINA,1287,0,0,21,0,0,4/2/2026,,4,11,21,1,21,MALINA D4
MALINA,1288,0,0,21,0,0,4/2/2026,,4,11,21,1,21,MALINA D4
MALINA,1289,0,0,21,0,0,4/2/2026,,4,11,21,1,21,MALINA D4
MALINA,1290,0,0,12,0,0,4/2/2026,,4,11,12,1,12,MALINA D4
MALINA,1291,0,0,17,0,0,4/2/2026,,4,11,17,1,17,MALINA D4
MALINA,1292,0,0,7,0,0,4/2/2026,,4,11,7,1,7,MALINA D4
MALINA,1260,3,0,48,0,0,4/2/2026,,4,12,9,5,45,MALINA D4
MALINA,1253,4,0,4,0,0,4/2/2026,,4,12,0,1,0,MALINA D4
MALINA,1245,5,0,45,0,0,4/2/2026,,4,12,8,5,40,MALINA D4
MALINA,1267,5,0,30,0,0,4/2/2026,,4,12,5,5,25,MALINA D4
MALINA,3328,0,0,60,0,0,4/2/2026,,4,33,2,30,60,MALINA D4
MALINA,1808,0,0,5,0,0,4/2/2026,,4,33,5,1,5,MALINA D4
MALINA,3229,0,0,75,0,0,4/2/2026,,4,29,75,1,75,MALINA D4
MALINA,1878,1,0,1,0,0,4/2/2026,,4,36,0,1,0,MALINA D4
MALINA,1879,2,0,2,0,0,4/2/2026,,4,36,0,1,0,MALINA D4
MALINA,4203,12,0,22,0,0,4/2/2026,,4,32,2,5,10,MALINA D4
MALINA,4207,7,0,7,0,0,4/2/2026,,4,32,0,1,0,MALINA D4
MALINA,4205,26,0,26,0,0,4/2/2026,,4,32,0,0,0,MALINA D4
MALINA,4204,6,0,186,0,0,4/2/2026,,4,32,3,60,180,MALINA D4
MALINA,4210,18,0,38,0,0,4/2/2026,,4,32,1,20,20,MALINA D4 Cantidades se doblan ***
MALINA,4208,49,0,99,0,0,4/2/2026,,4,32,1,50,50,MALINA D4 Cantidades se doblan ***
MALINA,4201,27,0,27,0,0,4/2/2026,,4,32,0,1,0,MALINA D4 Cantidades se doblan ***
MALINA,4200,45,0,165,0,0,4/2/2026,,4,32,1,120,120,MALINA D4 Cantidades se doblan ***
MALINA,0708,70,0,570,0,0,4/2/2026,,4,32,1,500,500,MALINA D4
MALINA,0709,0,0,100,0,0,4/2/2026,,4,32,1,100,100,MALINA D4
MALINA,0707,0,0,300,0,0,4/2/2026,,4,32,3,100,300,MALINA D4
MALINA,1804,2,0,25,0,0,4/2/2026,,4,32,23,1,23,MALINA D4
MALINA,19271,0,0,1,0,0,4/2/2026,,4,32,1,1,1,MALINA D4
MALINA,1653,0,0,5,0,0,4/2/2026,,4,32,5,1,5,MALINA D4
MALINA,1862,0,0,3,0,0,4/2/2026,,4,32,3,1,3,MALINA D4
MALINA,1852,0,0,28,0,0,4/2/2026,,4,32,1,28,28,MALINA D4
MALINA,1644,1,0,1,0,0,5/2/2026,,4,32,0,1,0,MALINA D4
MALINA,1632,10,0,10,0,0,5/2/2026,,4,32,0,1,0,MALINA D4
MALINA,1840,4,0,4,0,0,5/2/2026,,4,32,0,1,0,MALINA D4
MALINA,1637,1,0,1,0,0,5/2/2026,,4,32,0,1,0,MALINA D4
MALINA,1628,4,0,4,0,0,5/2/2026,,4,32,0,1,0,MALINA D4
MALINA,1650,12,0,12,0,0,5/2/2026,,4,32,0,1,0,MALINA D4
MALINA,1831,16,0,16,0,0,5/2/2026,,4,32,0,1,0,MALINA D4
MALINA,1822,3,0,3,0,0,5/2/2026,,4,32,0,1,0,MALINA D4
MALINA,1802,1,0,5,0,0,4/2/2026,,4,25,2,2,4,MALINA D4
MALINA,1804,0,0,1,0,0,4/2/2026,,4,25,1,1,1,MALINA D4
MALINA,1801,2,0,2,0,0,4/2/2026,,4,25,0,1,0,MALINA D4
MALINA,1800,0,0,1,0,0,4/2/2026,,4,25,1,1,1,MALINA D4
MALINA,1837,22,0,22,0,0,4/2/2026,,4,26,0,1,0,MALINA D4
MALINA,1839,6,0,6,0,0,4/2/2026,,4,26,0,1,0,MALINA D4
MALINA,1838,9,0,9,0,0,4/2/2026,,4,26,0,1,0,MALINA D4
MALINA,1840,6,0,6,0,0,4/2/2026,,4,26,0,1,0,MALINA D4
MALINA,1835,35,0,35,0,0,4/2/2026,,4,27,0,1,0,MALINA D4
MALINA,1828,25,0,25,0,0,4/2/2026,,4,27,0,1,0,MALINA D4
MALINA,1826,13,0,13,0,0,4/2/2026,,4,27,0,1,0,MALINA D4
MALINA,1827,11,0,11,0,0,4/2/2026,,4,27,0,1,0,MALINA D4
MALINA,1822,6,0,6,0,0,4/2/2026,,4,27,0,1,0,MALINA D4
MALINA,1839,12,0,12,0,0,4/2/2026,,4,28,0,1,0,MALINA D4
MALINA,1645,0,0,0,0,0,4/2/2026,,4,28,0,1,0,MALINA D4 No Encontrado ***
MALINA,1640,10,0,10,0,0,4/2/2026,,4,28,0,1,0,MALINA D4
MALINA,1642,10,0,10,0,0,4/2/2026,,4,28,0,1,0,MALINA D4
MALINA,1629,1,0,1,0,0,5/2/2026,,4,28,0,1,0,MALINA D4
MALINA,1627,5,0,5,0,0,5/2/2026,,4,28,0,1,0,MALINA D4
MALINA,1639,2,0,2,0,0,5/2/2026,,4,28,0,1,0,MALINA D4
MALINA,1833,4,0,4,0,0,5/2/2026,,4,36,0,1,0,MALINA D4
MALINA,1824,5,0,5,0,0,5/2/2026,,4,36,0,1,0,MALINA D4
MALINA,1805,3,0,3,0,0,5/2/2026,,4,36,0,1,0,MALINA D4 No Completo ***
MALINA,1805,0,0,4,0,0,5/2/2026,,4,34,4,1,4,MALINA D4
MALINA,1829,13,0,13,0,0,5/2/2026,,4,22,0,1,0,MALINA D4
MALINA,1829,0,0,5,0,0,5/2/2026,,4,22,1,5,5,MALINA D4
MALINA,0421,9,0,9,0,0,5/2/2026,,4,22,0,1,0,MALINA D4
MALINA,0421,0,0,10,0,0,5/2/2026,,4,22,10,1,10,MALINA D4
MALINA,0476,0,0,5,0,0,5/2/2026,,4,22,1,5,5,MALINA D4
MALINA,0419,240,0,240,0,0,5/2/2026,,4,22,0,1,0,MALINA D4
MALINA,0447,0,0,1200,0,0,5/2/2026,,4,22,120,10,1200,MALINA D4 Verificar Existencia ***
MALINA,1842,60,0,60,0,0,5/2/2026,,4,23,0,1,0,MALINA D4
MALINA,1844,13,0,13,0,0,5/2/2026,,4,23,0,58,0,MALINA D4 Verificar Existencia ***
MALINA,1845,28,0,37,0,0,5/2/2026,,4,23,9,1,9,MALINA D4 Verificar Existencia ***
MALINA,1841,21,0,21,0,0,5/2/2026,,4,23,0,1,0,MALINA D4
MALINA,1844,27,0,27,0,0,5/2/2026,,4,23,0,1,0,MALINA D4
MALINA,1841,78,0,78,0,0,5/2/2026,,4,23,0,1,0,MALINA D4
MALINA,1843,24,0,24,0,0,5/2/2026,,4,23,0,1,0,MALINA D4
MALINA,1816,0,0,0,0,0,5/2/2026,,4,24,0,17,0,MALINA D4
MALINA,1814,27,0,27,0,0,5/2/2026,,4,24,0,1,0,MALINA D4
MALINA,1815,16,0,16,0,0,5/2/2026,,4,24,0,1,0,MALINA D4
MALINA,18131,46,0,46,0,0,5/2/2026,,4,24,0,1,0,MALINA D4
MALINA,0550,0,0,2000,0,0,5/2/2026,,4,24,40,50,2000,MALINA D4
MALINA,0557,180,0,780,0,0,5/2/2026,,4,24,2,300,600,MALINA D4
MALINA,0558,0,0,200,0,0,5/2/2026,,4,24,1,200,200,MALINA D4
MALINA,0559,0,0,120,0,0,5/2/2026,,4,24,1,120,120,MALINA D4
MALINA,0549,0,0,1600,0,0,5/2/2026,,4,24,2,800,1600,MALINA D4
MALINA,1811,31,0,31,0,0,5/2/2026,,4,24,0,1,0,MALINA D4
MALINA,1812,26,0,26,0,0,5/2/2026,,4,24,0,1,0,MALINA D4
MALINA,1813,39,0,39,0,0,5/2/2026,,4,24,0,1,0,MALINA D4
MALINA,0446,0,0,240,0,0,5/2/2026,,4,18,3,80,240,MALINA D4
MALINA,0452,0,0,320,0,0,5/2/2026,,4,18,4,80,320,MALINA D4
MALINA,0445,20,0,260,0,0,5/2/2026,,4,18,2,120,240,MALINA D4 VerificarExistencia ***
MALINA,0444,0,0,640,0,0,5/2/2026,,4,18,320,2,640,MALINA D4 VerificarExistencia ***
MALINA,0416,0,0,640,0,0,5/2/2026,,4,18,4,160,640,MALINA D4
MALINA,0451,0,0,180,0,0,5/2/2026,,4,18,1,180,180,MALINA D4
MALINA,0443,50,0,250,0,0,5/2/2026,,4,18,1,200,200,MALINA D4 VerificarExistencia ***
MALINA,0442,0,0,600,0,0,5/2/2026,,4,18,3,200,600,MALINA D4
MALINA,1630,4,0,4,0,0,5/2/2026,,4,28,0,1,0,MALINA D4
